folder,label
16161921,Wrist wear
13131298,Trouser
13975059,Trouser
16253318,Trouser
14256005,Trouser
14412881,Trouser
15586726,Trouser
16174520,Wallet/Purse
14290872,Short sleeved top
15687848,Trouser
15729472,Trouser
15672125,Wallet/Purse
16016887,Trouser
14952835,Dress
14659461,Necklace
14293411,Trouser
15079839,Dress
15777458,Trouser
15867633,Trouser
13412539,Coat
15129292,Trouser
16178004,Trouser
14374215,Coat
15840582,Shorts
15541232,Coat
15788984,Trouser
14813542,Trouser
16356277,Trouser
15583789,Trouser
15835576,Trouser
14487580,Long sleeved top
16358005,Bag
15931515,Trouser
14616606,Glasses
14404921,Wallet/Purse
16152390,Wallet/Purse
13606828,Sandal
15064783,Trouser
15146326,Trouser
14286751,Bag
14769105,Trouser
12706308,Trouser
16113867,Trouser
14938865,Trouser
15664566,Wallet/Purse
13971296,Wrist wear
15860642,Short sleeved top
14437428,Trouser
14705532,Bag
14972105,Coat
14015611,Trouser
15003594,Trouser
14671854,Trouser
16301030,Trouser
12791786,Trouser
14790126,Trouser
15925304,Trouser
16203551,Trouser
15660249,Trouser
15860687,Trainer
12623543,Bag
14962000,Trouser
16207769,Ladies pants
13655606,Bag
15561406,Coat
15592910,Trouser
14115281,Long sleeved top
16103894,Glasses
16319553,Trouser
14497611,Trouser
15090050,Trouser
15074743,Trouser
15480686,Trouser
16285739,Skirt
13159086,Trainer
14091488,Trouser
15448818,Trouser
15814158,Coat
15596577,Long sleeved top
15896850,Long sleeved top
15161476,Trouser
13199248,Trainer
15761710,Trouser
15607159,Trouser
13568839,Trouser
15829755,Skirt
13491312,Coat
14787151,Trouser
16036540,Trouser
14121701,Bag
15506881,Coat
16005615,Trouser
15860634,Smart shoes
16120346,Bag
16053351,Sun glasses
14940499,Trouser
16377392,Trainer
15129946,Wallet/Purse
16234547,Trouser
15951780,Trainer
13528250,Trouser
13254462,Ear ring
15404133,Trouser
13468563,Skirt
15242059,Trouser
15473898,Bag
15842547,Skirt
15972265,Glasses
15939176,Shorts
15940053,Trouser
15296915,Trouser
16266938,Wallet/Purse
14517611,Trainer
16056096,Glasses
15424778,Dress
15800383,Coat
14866702,Wallet/Purse
14556473,Smart shoes
15717347,Short sleeved top
16360979,Trouser
16139202,Long sleeved top
13212392,Shorts
15487417,Wallet/Purse
15715531,Shorts
15953891,Trouser
16126445,Trouser
15612423,Trouser
14747963,Smart shoes
16057455,Necklace
14193146,Trouser
14402975,Trouser
14007568,Trouser
16080534,Wallet/Purse
15901891,Trouser
15820264,Trainer
16328046,Trouser
15670984,Trouser
15192140,Dress
16084110,Dress
13555976,Trouser
15614089,Trouser
15986983,Dress
13594937,Trouser
15516189,Trouser
16015840,Sun glasses
15653990,Long sleeved top
15222125,Long sleeved top
12351662,Trouser
13664232,Trouser
16357832,Wrist wear
13275135,Necklace
14381906,Trouser
16274109,Trouser
14385847,Trouser
12345532,Trouser
14393007,Trouser
14838599,Trouser
15730480,Sun glasses
16292484,Shorts
13515630,Trouser
15370863,Trouser
15432827,Shorts
15696388,Long sleeved top
15621127,Long sleeved top
15217978,Trouser
14434450,Skirt
16107418,Bag
16259342,Sandal
15617932,Trouser
15988166,Bag
15111142,Dress
15458383,Trouser
15126055,Short sleeved top
15549950,Smart shoes
16326621,Dress
12765904,Coat
14180533,Trouser
16044272,Long sleeved top
14962171,Trouser
12705153,Trouser
16346328,Trouser
15884344,Short sleeved top
15053333,Trouser
15118828,Accessory
16323528,Trouser
16324455,Trouser
15221342,Trouser
13719349,Trouser
14081609,Sun glasses
15581171,Long sleeved top
14088016,Trouser
12936752,Trouser
15393525,Short sleeved top
15956478,Long sleeved top
15244498,Bag
15865665,Long sleeved top
16285232,Trouser
14791314,Hat
15383323,Smart shoes
14821935,Short sleeved top
15803979,Trouser
13188283,Trouser
15037748,Trainer
14996379,Wallet/Purse
11851737,Shorts
13796058,Shorts
15882313,Trouser
15244703,Trouser
15849528,Trouser
15498051,Short sleeved top
15688448,Coat
15586999,Trouser
14940505,Short sleeved top
16065021,Trouser
14967902,Trouser
15216440,Bag
12718172,Wallet/Purse
16002993,Glasses
15936894,Trouser
16089787,Dress
15466389,Trouser
15564784,Sandal
15339339,Trouser
12441547,Ear ring
16373151,Trouser
15632892,Skirt
15606919,Trainer
13947929,Trouser
14957141,Dress
14234971,Trouser
15552575,Trainer
15479175,Coat
16321368,Dress
15042914,Trouser
14960162,Trouser
16248834,Shorts
15985487,Bag
15971846,Trouser
15094862,Trainer
15923931,Trouser
13602195,Trouser
13172290,Briefs
16168615,Trouser
13958931,Trouser
15111809,Long sleeved top
15020770,Bag
13722146,Shorts
15864990,Trouser
11233998,Sun glasses
14769785,Trouser
14757852,Skirt
15628396,Trouser
12098128,Necklace
14613636,Trouser
14885814,Short sleeved top
14914142,Trouser
15487386,Long sleeved top
15876535,Coat
15553553,Dress
14902896,Coat
15713317,Trouser
15652468,Dress
14157436,Trouser
16023387,Short sleeved top
15819078,Short sleeved top
15163391,Skirt
16330393,Short sleeved top
13201457,Coat
15472162,Ear ring
14855617,Short sleeved top
15341478,Short sleeved top
16102686,Short sleeved top
15254218,Long sleeved top
13772312,Short sleeved top
13321196,Accessory
16245681,Skirt
14776827,Long sleeved top
15614111,Long sleeved top
15093340,Short sleeved top
15146351,Dress
15696720,Short sleeved top
13277198,Long sleeved top
15696488,Long sleeved top
14931419,Long sleeved top
15470542,Long sleeved top
15102747,Short sleeved top
13738355,Ladies pants
15649230,Short sleeved top
14471793,Bag
15072227,Wrist wear
14769192,Coat
15929044,Long sleeved top
14810345,Coat
15745609,Long sleeved top
15970822,Short sleeved top
14849882,Long sleeved top
12926093,Coat
15936609,Long sleeved top
15013544,Trouser
16344393,Short sleeved top
16323912,Short sleeved top
15960608,Long sleeved top
15374206,Coat
15110671,Short sleeved top
14479993,Ladies pants
16273494,Long sleeved top
15447987,Coat
15552462,Smart shoes
16036919,Short sleeved top
16009745,Skirt
15988592,Short sleeved top
14133851,Dress
15556105,Trouser
16148966,Accessory
15478164,Coat
15284737,Long sleeved top
16284221,Short sleeved top
16337785,Belt
15950267,Short sleeved top
15376545,Long sleeved top
12562401,Wallet/Purse
15390232,Coat
16322164,Short sleeved top
12945946,Long sleeved top
13740243,Short sleeved top
14722533,Long sleeved top
14972919,Ladies pants
15970440,Long sleeved top
16280716,Short sleeved top
14967294,Trouser
14324838,Coat
15904774,Short sleeved top
14776803,Long sleeved top
15538741,Short sleeved top
14770540,Skirt
13531928,Ear ring
16213487,Dress
13888352,Short sleeved top
12513713,Short sleeved top
14162740,Short sleeved top
15502714,Short sleeved top
15749290,Coat
16145173,Long sleeved top
15629248,Shorts
14855327,Long sleeved top
15240321,Short sleeved top
15594442,Coat
15844265,Accessory
16170727,Long sleeved top
15201603,Short sleeved top
15356387,Skirt
15290967,Long sleeved top
16297656,Long sleeved top
14191179,Short sleeved top
16186318,Short sleeved top
12360241,Short sleeved top
14452452,Short sleeved top
15932313,Short sleeved top
15363823,Skirt
12401591,Long sleeved top
15812963,Coat
15870318,Short sleeved top
15336864,Dress
13516341,Coat
16129864,Briefs
13793460,Trouser
15576778,Coat
15866028,Coat
16182318,Long sleeved top
14447177,Long sleeved top
15173435,Trouser
13161780,Short sleeved top
12627978,Long sleeved top
15852497,Smart shoes
15225260,Short sleeved top
13502698,Long sleeved top
11059585,Dress
14631143,Dress
15657290,Long sleeved top
15224052,Long sleeved top
16115592,Short sleeved top
15219275,Short sleeved top
15696086,Ear ring
14563987,Short sleeved top
15615768,Short sleeved top
15640535,Long sleeved top
15774483,Accessory
15778891,Coat
12999362,Wrist wear
16104202,Short sleeved top
15798188,Short sleeved top
14878023,Short sleeved top
14337296,Coat
15912965,Short sleeved top
13791343,Short sleeved top
15466242,Short sleeved top
15473362,Coat
14374420,Briefs
15859376,Short sleeved top
16043611,Dress
15339452,Long sleeved top
15750029,Long sleeved top
15891538,Short sleeved top
16181664,Short sleeved top
15242575,Coat
15675230,Coat
15559482,Long sleeved top
15821717,Trouser
16003303,Short sleeved top
15679140,Dress
12387179,Skirt
14864803,Briefs
14063265,Short sleeved top
14455671,Short sleeved top
15449789,Dress
15686100,Briefs
15754392,Short sleeved top
15486958,Coat
14719637,Long sleeved top
13080746,Dress
15568517,Short sleeved top
14596227,Skirt
15712926,Long sleeved top
16218182,Dress
15858169,Coat
15003170,Accessory
15661472,Short sleeved top
15829677,Long sleeved top
15934859,Short sleeved top
14639096,Ear ring
14504226,Long sleeved top
14730365,Ear ring
16027958,Coat
15629304,Long sleeved top
15660943,Coat
14264787,Short sleeved top
15617925,Skirt
15473602,Long sleeved top
15630969,Dress
15327245,Shorts
16173972,Shorts
14628240,Shorts
15692571,Wrist wear
13713812,Short sleeved top
15108401,Short sleeved top
16199147,Skirt
15482559,Long sleeved top
13413609,Short sleeved top
14504957,Smart shoes
15982681,Short sleeved top
15950291,Short sleeved top
16002024,Shorts
15242027,Long sleeved top
15643547,Coat
15473027,Long sleeved top
15036740,Short sleeved top
15737527,Coat
15925310,Long sleeved top
15656467,Long sleeved top
14941244,Short sleeved top
14461005,Long sleeved top
16149521,Long sleeved top
15584696,Long sleeved top
15894229,Long sleeved top
15543120,Short sleeved top
15628879,Short sleeved top
14567833,Dress
14371188,Short sleeved top
14836404,Long sleeved top
14884281,Ear ring
15056227,Coat
16232958,Coat
16062047,Short sleeved top
15669098,Coat
16200783,Skirt
16128486,Shorts
14219008,Coat
15340574,Short sleeved top
15902706,Coat
15045740,Short sleeved top
15895565,Short sleeved top
13093396,Dress
16322118,Coat
15457850,Coat
13356783,Coat
15846081,Wrist wear
14949533,Trouser
15259226,Coat
16128523,Short sleeved top
14643717,Short sleeved top
15996114,Long sleeved top
16021558,Wrist wear
15508431,Coat
13888239,Short sleeved top
14244577,Wrist wear
15463174,Short sleeved top
15864874,Short sleeved top
16356479,Dress
15660897,Short sleeved top
16222108,Coat
14538013,Short sleeved top
15917180,Coat
15076043,Short sleeved top
15326007,Short sleeved top
13740242,Short sleeved top
13331736,Briefs
16080585,Short sleeved top
14771482,Coat
12768451,Bag
16069516,Long sleeved top
15839656,Long sleeved top
16116457,Coat
15164648,Coat
16069557,Coat
15913420,Long sleeved top
15617915,Long sleeved top
15334916,Dress
15585787,Long sleeved top
14871993,Accessory
15944270,Short sleeved top
15544409,Long sleeved top
15802042,Short sleeved top
16210043,Long sleeved top
13285743,Short sleeved top
15191979,Skirt
14222567,Coat
14948622,Long sleeved top
15196659,Long sleeved top
16072531,Long sleeved top
14320968,Dress
15859089,Long sleeved top
12359449,Skirt
15653887,Long sleeved top
14388946,Dress
14756131,Dress
12492292,Trainer
15818993,Long sleeved top
12532248,Short sleeved top
16288974,Short sleeved top
14891349,Short sleeved top
13455371,Long sleeved top
16304644,Coat
15466286,Coat
15273797,Long sleeved top
14225999,Short sleeved top
14978395,Accessory
14462996,Long sleeved top
16282971,Long sleeved top
15834325,Long sleeved top
14673488,Short sleeved top
15762918,Short sleeved top
14927096,Short sleeved top
14884309,Short sleeved top
14597093,Coat
14844050,Coat
14098098,Wrist wear
14273460,Long sleeved top
15312352,Long sleeved top
14772292,Dress
15550067,Short sleeved top
14722859,Dress
16297048,Short sleeved top
16189354,Short sleeved top
15013546,Dress
15943658,Belt
12088303,Ear ring
16035571,Skirt
16355261,Long sleeved top
14252893,Long sleeved top
15204595,Dress
15916806,Long sleeved top
16089865,Long sleeved top
13122739,Wrist wear
16052324,Trouser
15587930,Coat
13790237,Short sleeved top
13999350,Short sleeved top
16155053,Coat
14713161,Long sleeved top
15580017,Long sleeved top
15582319,Long sleeved top
15424129,Short sleeved top
15700012,Trouser
16147468,Long sleeved top
12522477,Ear ring
16319311,Short sleeved top
15606275,Coat
15693064,Coat
15789925,Coat
15472805,Short sleeved top
15807631,Short sleeved top
16209099,Coat
15174252,Short sleeved top
14758310,Coat
15670686,Short sleeved top
14286741,Long sleeved top
11954101,Short sleeved top
16381261,Coat
14626750,Skirt
16102886,Short sleeved top
15933348,Long sleeved top
15291530,Dress
14891067,Short sleeved top
15283674,Long sleeved top
15668676,Belt
14971941,Long sleeved top
15836762,Long sleeved top
13757331,Long sleeved top
16200702,Long sleeved top
12679962,Coat
16157141,Short sleeved top
15811698,Coat
16313719,Long sleeved top
13896917,Short sleeved top
15979239,Skirt
16237669,Long sleeved top
16098560,Short sleeved top
14428460,Sandal
15849076,Long sleeved top
14628363,Short sleeved top
16094667,Long sleeved top
16203427,Coat
14557397,Long sleeved top
13599394,Coat
14329486,Wrist wear
15986198,Long sleeved top
16089845,Long sleeved top
15246395,Long sleeved top
15863383,Wrist wear
13925038,Long sleeved top
15544328,Briefs
15697536,Long sleeved top
15656610,Coat
15691693,Short sleeved top
16008198,Coat
15903719,Coat
16047155,Sandal
14266421,Coat
14921175,Trainer
15463938,Long sleeved top
14139098,Ear ring
15999309,Trainer
15092941,Short sleeved top
16168619,Bag
16143451,Accessory
16109131,Smart shoes
14303577,Dress
15208810,Smart shoes
15259527,Coat
13388762,Glasses
14721992,Smart shoes
13565858,Short sleeved top
15483827,Briefs
15120432,Sandal
15921579,Belt
13794624,Skirt
14900367,Skirt
15217930,Dress
16359993,Sun glasses
13276919,Trainer
14033634,Boots
14849900,Skirt
15955453,Short sleeved top
16262428,Coat
14752851,Trainer
15818232,Coat
14921087,Sandal
15698002,Dress
15464638,Trouser
15595495,Long sleeved top
15120735,Bag
16272924,Bag
13494891,Necklace
14873320,Necklace
16153510,Coat
15578899,Coat
15536151,Long sleeved top
15983082,Coat
15222006,Dress
13136148,Long sleeved top
14670606,Sandal
15092555,Long sleeved top
14580638,Trainer
13897757,Sandal
15426902,Coat
14930375,Trouser
15416813,Sandal
16004773,Accessory
13292208,Smart shoes
14295251,Smart shoes
15310273,Short sleeved top
15104443,Bag
14678578,Bag
11728039,Briefs
15750335,Bag
13061906,Belt
15990781,Necklace
15887508,Long sleeved top
15266435,Bag
11581898,Wallet/Purse
14786767,Trouser
12231079,Long sleeved top
15143331,Bag
16107776,Bag
14225904,Long sleeved top
15614319,Bag
11310613,Sandal
14311515,Glasses
15133379,Shorts
14357730,Coat
14567932,Coat
11775149,Ear ring
16182976,Smart shoes
16001793,Long sleeved top
16283321,Dress
16044602,Short sleeved top
15564251,Accessory
15859835,Smart shoes
15102741,Coat
15193294,Trainer
16295535,Long sleeved top
15688272,Coat
13961175,Skirt
15774130,Smart shoes
13144719,Short sleeved top
13745148,Skirt
15067964,Dress
15837383,Long sleeved top
15850575,Long sleeved top
15049546,Accessory
15839688,Long sleeved top
14105831,Coat
14328008,Long sleeved top
15991223,Trainer
16266940,Wallet/Purse
15134093,Trainer
15033147,Long sleeved top
15609879,Bag
15682082,Long sleeved top
14577460,Sun glasses
13951539,Dress
15910060,Wallet/Purse
13562315,Belt
15932838,Coat
15570429,Smart shoes
15661715,Smart shoes
16123101,Bag
15139440,Short sleeved top
16322387,Shorts
16189257,Long sleeved top
15055310,Wallet/Purse
15929059,Long sleeved top
15171719,Coat
16057459,Ear ring
15287984,Skirt
14905630,Skirt
16156483,Trainer
15724005,Coat
12662164,Coat
15959984,Coat
16235676,Bag
15870141,Long sleeved top
15046508,Wallet/Purse
15505565,Trainer
15652856,Dress
16104738,Briefs
15272666,Coat
15491698,Long sleeved top
13428635,Dress
11963276,Long sleeved top
15750359,Trainer
14934933,Coat
16108552,Wallet/Purse
15243156,Coat
14291560,Coat
15821542,Shorts
16111592,Long sleeved top
15587522,Trainer
14095937,Long sleeved top
14949025,Bag
11373824,Ear ring
15942153,Trouser
13633062,Trouser
14784831,Trainer
14307742,Briefs
16223093,Shorts
14313580,Trainer
14021070,Accessory
15867162,Trouser
14307571,Coat
15506023,Coat
13009803,Ear ring
13545456,Sandal
15844927,Wallet/Purse
14787439,Briefs
15590512,Briefs
14125086,Wallet/Purse
16357346,Shorts
16310287,Long sleeved top
15634920,Bag
15161668,Smart shoes
16206320,Long sleeved top
16050008,Wallet/Purse
16187571,Briefs
16149681,Trainer
15809391,Long sleeved top
15363150,Long sleeved top
14664965,Dress
14741612,Dress
15486995,Sun glasses
16354992,Belt
14053014,Coat
15724634,Glasses
14105802,Trouser
14827366,Coat
15990802,Accessory
16314042,Long sleeved top
12282155,Dress
15395382,Accessory
16045819,Bag
16091793,Dress
12359462,Sun glasses
12250497,Wallet/Purse
14712911,Long sleeved top
16065322,Trainer
15528618,Short sleeved top
11658614,Long sleeved top
15640083,Long sleeved top
16219963,Shorts
14749936,Ladies pants
16273509,Long sleeved top
15989643,Glasses
15692513,Belt
14455761,Trainer
16276105,Coat
15900080,Long sleeved top
14655680,Dress
14937748,Trainer
14644119,Long sleeved top
15939161,Wrist wear
13805260,Bag
14015311,Ear ring
15763063,Glasses
12565689,Trouser
16267745,Accessory
14659982,Ear ring
16041178,Ear ring
15886926,Wallet/Purse
15869284,Long sleeved top
15004250,Skirt
11354875,Long sleeved top
13651100,Trouser
16003039,Trouser
14649783,Hat
16065946,Sun glasses
15615907,Wrist wear
15808525,Wallet/Purse
15815082,Dress
12825301,Sun glasses
14134575,Wallet/Purse
12706638,Coat
15882562,Long sleeved top
15041488,Bag
16013076,Long sleeved top
15622040,Long sleeved top
13620350,Trainer
14014729,Bag
13144728,Bag
14940568,Shorts
16220604,Short sleeved top
14622590,Sun glasses
15463786,Belt
15516086,Skirt
15870263,Sun glasses
15183133,Short sleeved top
13852664,Glasses
14789154,Bag
15883008,Coat
15859766,Bag
13241230,Long sleeved top
15174251,Short sleeved top
15337283,Bag
16300970,Wallet/Purse
14834685,Coat
15362833,Shorts
15741134,Coat
16202757,Trainer
12062683,Bag
15046343,Accessory
14092458,Long sleeved top
15274712,Short sleeved top
15082572,Short sleeved top
15746746,Trainer
14511998,Long sleeved top
15856526,Long sleeved top
16093703,Short sleeved top
15515213,Long sleeved top
13281183,Bag
15526460,Coat
16027931,Short sleeved top
15775711,Long sleeved top
13813005,Bag
16000986,Long sleeved top
13159004,Trainer
14380030,Coat
16292122,Short sleeved top
15209968,Short sleeved top
15647077,Coat
14426856,Short sleeved top
15880484,Shorts
16003511,Long sleeved top
15105319,Shorts
15103682,Dress
12778630,Short sleeved top
12011092,Dress
13806702,Trouser
13280690,Accessory
15402936,Belt
15988636,Long sleeved top
16057650,Coat
15585362,Trainer
15021904,Dress
15743814,Coat
16231385,Long sleeved top
13713451,Shorts
16129588,Wallet/Purse
14956895,Long sleeved top
16148863,Long sleeved top
15294883,Short sleeved top
13870033,Accessory
14998129,Short sleeved top
11981091,Dress
16216882,Bag
15167424,Shorts
15411930,Short sleeved top
15927104,Short sleeved top
16135906,Wallet/Purse
16113072,Belt
16067634,Bag
13321793,Sun glasses
15031010,Long sleeved top
15303555,Wallet/Purse
14214736,Bag
16163547,Glasses
15532649,Short sleeved top
15815232,Coat
15527033,Coat
15466551,Long sleeved top
14370899,Coat
14314516,Coat
13724374,Short sleeved top
16089312,Coat
16260211,Wallet/Purse
15830762,Hat
16209068,Coat
15616615,Long sleeved top
15157500,Shorts
14450954,Trainer
11601217,Sun glasses
15979922,Hat
15919012,Hat
16002071,Long sleeved top
15894163,Long sleeved top
15806465,Trainer
14928305,Dress
16055026,Glasses
16307679,Long sleeved top
16098680,Bag
14323129,Trainer
16072594,Coat
15378537,Belt
16063350,Long sleeved top
15486105,Long sleeved top
15423035,Trainer
15104259,Dress
13041669,Coat
16313516,Bag
14481104,Accessory
13581173,Short sleeved top
15018793,Trainer
14602212,Trainer
15843404,Skirt
15822488,Coat
15611463,Coat
15881800,Skirt
14830176,Sun glasses
15471784,Wallet/Purse
15138265,Bag
16022916,Dress
14770149,Necklace
15290914,Accessory
13664946,Coat
14971938,Long sleeved top
16194120,Skirt
14552122,Long sleeved top
13792370,Trainer
15087142,Bag
13803524,Ear ring
14987837,Wallet/Purse
15093332,Coat
13678972,Trainer
15714909,Long sleeved top
14801212,Trainer
14103560,Ear ring
15780244,Glasses
15745923,Trainer
11623293,Briefs
12697365,Short sleeved top
15489289,Shorts
15016018,Sun glasses
14040570,Bag
15425575,Ear ring
13721045,Long sleeved top
15809680,Accessory
15990915,Glasses
16119285,Belt
15853569,Long sleeved top
14418604,Trainer
16321493,Short sleeved top
13482337,Long sleeved top
15458497,Trainer
15176612,Trouser
15520130,Accessory
16012777,Necklace
16280504,Dress
14257941,Bag
15956276,Dress
13955990,Necklace
15166766,Dress
16153809,Dress
16243737,Skirt
16378845,Long sleeved top
16152190,Long sleeved top
13765550,Coat
14173930,Trainer
12144696,Bag
15599434,Long sleeved top
14342457,Long sleeved top
13467047,Short sleeved top
14475011,Coat
12818826,Accessory
15656570,Accessory
14887870,Trainer
14832371,Skirt
13613250,Shorts
13057271,Ear ring
15608656,Coat
15867032,Coat
14871377,Long sleeved top
16005294,Bag
15861056,Shorts
12818802,Necklace
14378247,Bag
14519048,Long sleeved top
13507603,Trainer
14099797,Long sleeved top
15736980,Trainer
14473706,Trainer
15836481,Long sleeved top
14643863,Coat
14549962,Glasses
16242922,Trainer
15845274,Long sleeved top
14566509,Coat
11723510,Sun glasses
14088615,Short sleeved top
15912220,Glasses
15682943,Coat
13144913,Long sleeved top
14454902,Trainer
14182236,Bag
15867901,Long sleeved top
14833219,Trainer
15703026,Long sleeved top
15898598,Coat
16083347,Short sleeved top
16217887,Long sleeved top
15493972,Coat
15165010,Belt
12509672,Skirt
15859798,Hat
15506886,Coat
16124689,Long sleeved top
15986419,Bag
14357682,Long sleeved top
16232066,Coat
13503670,Coat
16257440,Bag
15831728,Long sleeved top
16169573,Glasses
16047146,Coat
14936226,Coat
15168772,Bag
14579143,Accessory
15042555,Shorts
15592832,Dress
12912539,Dress
16029429,Bag
14892204,Coat
16165145,Trainer
14716510,Shorts
15358976,Skirt
15983365,Bag
15388131,Skirt
14726994,Bag
13158311,Trainer
15619697,Bag
16220643,Trainer
16356030,Dress
14074585,Short sleeved top
16354641,Shorts
15141150,Coat
12936913,Wallet/Purse
14954275,Bag
16173024,Bag
14685906,Long sleeved top
16316479,Skirt
14876468,Belt
15576857,Accessory
14904518,Dress
16322286,Trainer
16272490,Short sleeved top
11666512,Ladies pants
16295767,Hat
14433623,Wrist wear
15416618,Sandal
15163776,Sandal
16179851,Sun glasses
14577446,Sun glasses
15986977,Sun glasses
16345182,Dress
15583594,Skirt
12900988,Trainer
15991841,Trainer
14613095,Coat
15286528,Wallet/Purse
15712607,Accessory
15914798,Short sleeved top
15133041,Bag
16183416,Bag
11965279,Wallet/Purse
15532189,Coat
16167368,Short sleeved top
15517600,Shorts
15455814,Bag
15426043,Bag
15460040,Bag
15645543,Dress
13940512,Coat
14847565,Dress
16180598,Smart shoes
15405171,Ear ring
13333855,Wallet/Purse
15833962,Smart shoes
15126305,Smart shoes
15923394,Dress
15384668,Smart shoes
15052961,Trainer
14269289,Shorts
14952926,Trouser
15530314,Long sleeved top
15390312,Smart shoes
16078557,Smart shoes
15654449,Coat
14641471,Coat
15906739,Wrist wear
14316000,Long sleeved top
15340568,Dress
15667062,Bag
15566835,Long sleeved top
14513107,Short sleeved top
14231673,Coat
12617601,Sun glasses
15674238,Wallet/Purse
15108808,Smart shoes
15687264,Trainer
15438225,Sandal
15687519,Shorts
14949427,Wallet/Purse
13019290,Trouser
15789760,Glasses
15597692,Smart shoes
15818139,Skirt
16137709,Wrist wear
15696106,Wrist wear
15773465,Short sleeved top
15415929,Long sleeved top
15669329,Sandal
16327122,Bag
15748030,Smart shoes
15982124,Long sleeved top
16304008,Short sleeved top
15754449,Long sleeved top
15277981,Shorts
16330111,Long sleeved top
13671634,Ladies pants
13395424,Trainer
16245672,Smart shoes
14115604,Short sleeved top
15263931,Dress
16307461,Smart shoes
15686158,Long sleeved top
14504898,Skirt
16217295,Bag
15305705,Smart shoes
15363588,Bag
15339462,Dress
13480026,Glasses
15853267,Long sleeved top
16315483,Coat
16178525,Trainer
15830457,Shorts
15932128,Dress
14388437,Boots
15538504,Long sleeved top
14155094,Skirt
14513329,Wrist wear
12872596,Sandal
15602028,Smart shoes
16020335,Long sleeved top
15843511,Trainer
15150252,Trainer
14940529,Long sleeved top
15570379,Heels
16259624,Heels
14210530,Long sleeved top
15361884,Boots
15621564,Dress
15312353,Smart shoes
15460100,Sandal
15301978,Sun glasses
15266903,Trainer
15623723,Coat
14721611,Skirt
16348844,Short sleeved top
13726909,Trouser
14993946,Heels
15388249,Boots
16056537,Short sleeved top
15457405,Long sleeved top
14690334,Sun glasses
14833471,Skirt
15714059,Boots
14889935,Long sleeved top
14615606,Trainer
15529973,Wrist wear
13975494,Trainer
14841261,Long sleeved top
15633264,Long sleeved top
16332318,Trainer
12811294,Wrist wear
16063501,Shorts
14322821,Wrist wear
15968339,Ear ring
15930028,Long sleeved top
14096731,Trouser
15730666,Long sleeved top
15441878,Ring
14254017,Trainer
15586711,Trainer
14082880,Long sleeved top
15853390,Bag
15482093,Wrist wear
15704975,Boots
15023816,Wallet/Purse
15724252,Glasses
14284992,Trainer
15808264,Wrist wear
16109453,Boots
15844271,Dress
15511811,Sandal
15843123,Long sleeved top
14441626,Sandal
14928913,Trainer
15381222,Bag
16072134,Socks
14623890,Briefs
13997329,Dress
16248955,Skirt
15838707,Skirt
15523269,Sandal
15914983,Short sleeved top
15368924,Accessory
15920234,Long sleeved top
12926887,Wrist wear
15138742,Long sleeved top
15561320,Short sleeved top
15873029,Bag
16224368,Dress
16019112,Belt
15929547,Long sleeved top
15760107,Long sleeved top
15171704,Trainer
12160217,Dress
15555366,Trainer
12546913,Wallet/Purse
15598453,Ring
15658953,Sandal
16264650,Sun glasses
15663936,Long sleeved top
16238547,Smart shoes
15927376,Trainer
15287683,Smart shoes
12729738,Long sleeved top
16293016,Smart shoes
16055529,Boots
15566193,Long sleeved top
14884097,Dress
15282103,Coat
13544483,Sandal
15951003,Accessory
14078995,Dress
15535568,Dress
16360695,Coat
15300659,Sandal
13073458,Trainer
16170625,Tie
15085066,Bag
15462555,Sandal
16196265,Trainer
15219360,Smart shoes
15064891,Glasses
13443610,Boots
16110461,Coat
15831101,Long sleeved top
14806324,Short sleeved top
15869707,Trouser
15726324,Bag
15176456,Sandal
16382785,Wallet/Purse
16332289,Coat
14862811,Long sleeved top
16132766,Heels
14696772,Trainer
15477771,Ear ring
15615319,Trainer
15519524,Bag
15717878,Bag
13845944,Bag
16135390,Sandal
14497195,Coat
16213788,Sandal
15304882,Boots
14715575,Wrist wear
15714206,Shorts
15780900,Trainer
15643335,Long sleeved top
14871771,Glasses
15399622,Long sleeved top
15525696,Wrist wear
16342398,Bag
15622629,Sandal
15118110,Necklace
14952794,Heels
13784320,Trouser
15916986,Trainer
15955341,Heels
14927089,Coat
16202719,Ear ring
15904796,Skirt
15533230,Boots
14713205,Sandal
15690041,Necklace
16187772,Smart shoes
15981149,Coat
16363645,Shorts
15717922,Bag
15963567,Coat
12943332,Long sleeved top
15160162,Smart shoes
13474868,Necklace
15484968,Heels
13157542,Trainer
14994702,Smart shoes
15843632,Boots
16174252,Belt
15358879,Trainer
15910828,Skirt
13650713,Heels
12290886,Heels
14869304,Tie
12373822,Long sleeved top
13594740,Long sleeved top
15744862,Wallet/Purse
15735436,Long sleeved top
14667953,Wrist wear
13280638,Accessory
14547945,Boots
14418916,Necklace
14028065,Sandal
15444531,Heels
16344246,Necklace
16274083,Bag
15302557,Heels
15480301,Wallet/Purse
16203455,Bag
15101050,Short sleeved top
15947635,Trainer
13543227,Trouser
15994038,Smart shoes
14051487,Sun glasses
13141216,Dress
12962703,Bag
14658209,Dress
15216141,Ring
15728904,Heels
16234080,Boots
15774023,Ear ring
15867012,Long sleeved top
15552100,Long sleeved top
15571466,Long sleeved top
14202022,Dress
13108579,Coat
15250947,Trainer
15177666,Smart shoes
13130826,Boots
13958691,Necklace
13586914,Bag
15738039,Heels
13664205,Trouser
13889801,Short sleeved top
15432861,Shorts
15367924,Sandal
12330409,Bag
13175381,Heels
16081522,Wrist wear
15643082,Bag
15358703,Short sleeved top
15541023,Trainer
14367513,Skirt
16096057,Coat
16045679,Accessory
16069823,Smart shoes
12877735,Short sleeved top
15631882,Coat
15641590,Trouser
15216843,Coat